topico,top_terminos
T00: tan cómo vez,tan cómo vez tener mejor siempre debe decir tiempo cosas
T01: ciento crecimiento aumento,ciento crecimiento aumento trimestre incremento cifra período inflación cifras meses
T02: paz derechos proceso,paz derechos proceso humanos gobierno conflicto violencia guerrilla grupos guerra
T03: alcalde ciudad alcaldía,alcalde ciudad alcaldía concejo bogotá administración distrital municipal municipio distrito
T04: torneo final mundial,torneo final mundial ganó campeón tenis título campeonato clasificación vuelta
T05: farc ejército militares,farc ejército militares guerrilleros militar fuerzas guerrilla brigada comandante eln
T06: unidos estadounidense washington,unidos estadounidense washington irak países bush guerra onu naciones estadounidenses
T07: música disco teatro,música disco teatro musical grupo canciones concierto rock festival cantante
T08: corte justicia fiscalía,corte justicia fiscalía suprema tribunal juez penal caso fallo investigación
T09: calle carrera avenida,calle carrera avenida vehículos tránsito sur calles vía norte transporte
T10: bolsa puntos índice,bolsa puntos índice acciones valores alza cerró mercado subió ciento
T11: empresa compañía empresas,empresa compañía empresas energía firma venta servicio gerente telecomunicaciones acciones
T12: desarrollo plan recursos,desarrollo plan recursos proyectos social programa inversión construcción programas proyecto
T13: partido candidato elecciones,partido candidato elecciones liberal electoral candidatos campaña votos política liberales
T14: colombia país colombianos,colombia país colombianos colombiano colombiana unidos bogotá países internacional ecuador
T15: comercio productos producción,comercio productos producción mercado sector industria exportaciones empresas empresarios comercial
T16: policía autoridades personas,policía autoridades personas hombres seguridad agentes coronel cocaína comandante informó
T17: café cafeteros libra,café cafeteros libra colombiano federación precio dólar centavos mercado informó
T18: carlos juan luis,carlos juan luis josé gómez jorge maría garcía fernando rodríguez
T19: dólares petróleo precio,dólares petróleo precio crudo barril deuda exportaciones unidos barriles reservas
T20: fútbol equipo partido,fútbol equipo partido jugadores técnico copa goles gol estadio selección
T21: congreso proyecto ley,congreso proyecto ley senado cámara reforma comisión debate iniciativa congresistas
T22: banco tasas interés,banco tasas interés crédito bancos tasa financiero república economía financieras
T23: brasil argentina chile,brasil argentina chile perú méxico américa ecuador latina uruguay bolivia
T24: universidad educación estudiantes,universidad educación estudiantes universidades profesores alumnos colegio docentes rector superior
T25: internet información red,internet información red usuarios tecnología software com sistema datos web
T26: casa familia vida,casa familia vida hijos padre mujer después día hijo madre
T27: nueva york chicago,nueva york chicago new dow jones texas unidos barril atlanta
T28: san río agua,san río agua zona municipio magdalena municipios kilómetros vía puerto
T29: oro onza plata,oro onza plata londres dólar zurich bajó francos upac yen
T30: venezuela chávez venezolano,venezuela chávez venezolano hugo caracas venezolana venezolanos relaciones frontera canciller
T31: realizará próximo mañana,realizará próximo mañana evento informes bogotá seminario nacional feria certamen
T32: cine película películas,cine película películas televisión actor historia actriz premio cinta comedia
T33: director señor bogotá,director señor bogotá general editorial diario tiempo periódico editor medios
T34: arte obra museo,arte obra museo exposición obras artista muestra cultura artistas libro
T35: cali valle medellín,cali valle medellín antioquia cauca caldas pereira tolima quindío risaralda
T36: salud hospital enfermedad,salud hospital enfermedad médico pacientes médicos atención enfermedades casos niños
T37: semana fin pasada,semana fin pasada días próxima pasado viernes lunes día sábado
T38: presidente gobierno ministro,presidente gobierno ministro uribe gaviria samper pastrana mandatario santos álvaro
T39: pago trabajadores impuesto,pago trabajadores impuesto pagar entidad impuestos gobierno decreto empleados entidades
