año,año2,n1,n2,js,nulo_media,nulo_p95,exceso,z,p,p_bh
1982,1983,58,166,0.02833,0.02033,0.03011,0.008,1.48946,0.07892,0.09951
1983,1984,166,71,0.01253,0.01783,0.02581,-0.0053,-1.21021,0.9031,0.95915
1984,1985,71,47,0.01772,0.02843,0.04083,-0.01071,-1.53802,0.96204,0.96204
1985,1986,47,53,0.04237,0.036,0.05131,0.00637,0.7208,0.22378,0.2704
1986,1987,53,57,0.04691,0.03256,0.04722,0.01435,1.82912,0.05195,0.06848
1987,1988,57,69,0.02711,0.02713,0.03879,-1e-05,-0.00217,0.47952,0.55624
1988,1989,69,91,0.0143,0.02116,0.03047,-0.00686,-1.29858,0.92607,0.95915
1989,1990,91,891,0.06239,0.06882,0.08035,-0.00643,-0.94255,0.82917,0.92484
1990,1991,891,2449,0.00605,0.00212,0.00306,0.00394,7.52589,0.001,0.00145
1991,1992,2449,3204,0.00354,0.00094,0.00135,0.0026,11.40034,0.001,0.00145
1992,1993,3204,3500,0.00228,0.00079,0.00112,0.00149,7.67972,0.001,0.00145
1993,1994,3500,3324,0.00197,0.00076,0.00108,0.00121,6.53776,0.001,0.00145
1994,1995,3324,3978,0.00408,0.00069,0.00099,0.00338,20.25167,0.001,0.00145
1995,1996,3978,5646,0.00133,0.00055,0.00077,0.00078,6.11228,0.001,0.00145
1996,1997,5646,5070,0.00191,0.00048,0.00067,0.00143,12.27629,0.001,0.00145
1997,1998,5070,5149,0.00244,0.00052,0.00074,0.00192,15.23637,0.001,0.00145
1998,1999,5149,2434,0.00299,0.00084,0.00118,0.00215,11.0687,0.001,0.00145
1999,2000,2434,4916,0.00259,0.00083,0.00118,0.00176,8.75133,0.001,0.00145
2000,2001,4916,4262,0.00232,0.0006,0.00086,0.00173,11.53993,0.001,0.00145
2001,2002,4262,3131,0.00378,0.00074,0.00107,0.00303,16.81062,0.001,0.00145
2002,2003,3131,4430,0.00168,0.00074,0.00103,0.00094,5.5004,0.001,0.00145
2003,2004,4430,4853,0.00113,0.00057,0.0008,0.00056,4.20537,0.001,0.00145
2004,2005,4853,3400,0.00173,0.00076,0.00112,0.00097,5.01331,0.001,0.00145
2005,2006,3400,2980,0.0048,0.00107,0.00152,0.00374,14.66647,0.001,0.00145
2006,2007,2980,4703,0.00236,0.00083,0.00118,0.00153,7.56712,0.001,0.00145
2007,2008,4703,5878,0.00301,0.00055,0.00083,0.00246,17.34711,0.001,0.00145
2008,2009,5878,6351,0.00362,0.00039,0.00056,0.00323,33.54849,0.001,0.00145
2009,2010,6351,5918,0.00085,0.00055,0.00079,0.00029,2.19947,0.02098,0.02897
2010,2011,5918,4475,0.00232,0.00118,0.00159,0.00114,4.75453,0.001,0.00145
